{"has_child":1,"home_url":"http:\/\/localhost\/victor-website","child_file":{"localhost_victor-website_wpvivid-5fc2b7c9c1801_2020-11-28-20-49_backup_plugin.zip":{"file_type":"plugin","plugin":{"akismet":{"slug":"akismet","size":236739},"all-in-one-wp-migration":{"slug":"all-in-one-wp-migration","size":1146511},"elementor":{"slug":"elementor","size":17790530},"essential-addons-for-elementor-lite":{"slug":"essential-addons-for-elementor-lite","size":9488552},"smart-slider-3":{"slug":"smart-slider-3","size":11242777},"transition-slider-lite":{"slug":"transition-slider-lite","size":4000820},"animated-typing-effect":{"slug":"animated-typing-effect","size":33444},"wpforms-lite":{"slug":"wpforms-lite","size":14248981},"wpfront-scroll-top":{"slug":"wpfront-scroll-top","size":552814}},"root_flag":"wp-content","file":"localhost_victor-website_wpvivid-5fc2b7c9c1801_2020-11-28-20-49_backup_plugin.zip","php_version":"7.4.10","mysql_version":"5.5.5"},"localhost_victor-website_wpvivid-5fc2b7c9c1801_2020-11-28-20-49_backup_core.zip":{"include_path":["wp-includes","wp-admin"],"wp_core":1,"home_url":"http:\/\/localhost\/victor-website","file_type":"wp-core","root_flag":"root","file":"localhost_victor-website_wpvivid-5fc2b7c9c1801_2020-11-28-20-49_backup_core.zip","php_version":"7.4.10","mysql_version":"5.5.5"},"localhost_victor-website_wpvivid-5fc2b7c9c1801_2020-11-28-20-49_backup_themes.zip":{"file_type":"themes","themes":{"albatross":{"slug":"albatross","size":977709},"astra":{"slug":"astra","size":5352524},"cherry-biz":{"slug":"cherry-biz","size":5060577},"fbizz-consult-lite":{"slug":"fbizz-consult-lite","size":2880509},"jetblack":{"slug":"jetblack","size":5035456},"twentynineteen":{"slug":"twentynineteen","size":1096994},"twentyseventeen":{"slug":"twentyseventeen","size":1216984},"twentytwenty":{"slug":"twentytwenty","size":1656279}},"root_flag":"wp-content","file":"localhost_victor-website_wpvivid-5fc2b7c9c1801_2020-11-28-20-49_backup_themes.zip","php_version":"7.4.10","mysql_version":"5.5.5"},"localhost_victor-website_wpvivid-5fc2b7c9c1801_2020-11-28-20-49_backup_uploads.zip":{"file_type":"upload","root_flag":"wp-content","file":"localhost_victor-website_wpvivid-5fc2b7c9c1801_2020-11-28-20-49_backup_uploads.zip","php_version":"7.4.10","mysql_version":"5.5.5"},"localhost_victor-website_wpvivid-5fc2b7c9c1801_2020-11-28-20-49_backup_db.zip":{"dump_db":1,"home_url":"http:\/\/localhost\/victor-website","file_type":"databases","root_flag":"custom","file":"localhost_victor-website_wpvivid-5fc2b7c9c1801_2020-11-28-20-49_backup_db.zip","php_version":"7.4.10","mysql_version":"5.5.5"},"localhost_victor-website_wpvivid-5fc2b7c9c1801_2020-11-28-20-49_backup_content.zip":{"file_type":"wp-content","root_flag":"root","file":"localhost_victor-website_wpvivid-5fc2b7c9c1801_2020-11-28-20-49_backup_content.zip","php_version":"7.4.10","mysql_version":"5.5.5"}},"root_flag":"custom","file":"localhost_victor-website_wpvivid-5fc2b7c9c1801_2020-11-28-20-49_backup_all.zip","php_version":"7.4.10","mysql_version":"5.5.5"}