{"has_child":1,"home_url":"https:\/\/victor.muhoko.org","child_file":{"victor.muhoko.org_wpvivid-600e6ebe7580f_2021-01-25-07-09_backup_plugin.zip":{"file_type":"plugin","plugin":{"advanced-custom-fields":{"slug":"advanced-custom-fields","size":7429038},"astra-widgets":{"slug":"astra-widgets","size":1913902},"conditional-menus":{"slug":"conditional-menus","size":124106},"elementor":{"slug":"elementor","size":17790530},"essential-addons-for-elementor-lite":{"slug":"essential-addons-for-elementor-lite","size":9488552},"image-hover-effects-ultimate-visual-composer":{"slug":"image-hover-effects-ultimate-visual-composer","size":7141740},"mystickymenu":{"slug":"mystickymenu","size":1047441},"premium-addons-for-elementor":{"slug":"premium-addons-for-elementor","size":4918965},"smart-slider-3":{"slug":"smart-slider-3","size":11242777},"sticky-header-effects-for-elementor":{"slug":"sticky-header-effects-for-elementor","size":1211446},"animated-typing-effect":{"slug":"animated-typing-effect","size":33444},"wpforms-lite":{"slug":"wpforms-lite","size":15827091},"wpfront-scroll-top":{"slug":"wpfront-scroll-top","size":552814}},"root_flag":"wp-content","file":"victor.muhoko.org_wpvivid-600e6ebe7580f_2021-01-25-07-09_backup_plugin.zip","php_version":"7.3.26","mysql_version":"5.6.41"},"victor.muhoko.org_wpvivid-600e6ebe7580f_2021-01-25-07-09_backup_core.zip":{"include_path":["wp-includes","wp-admin"],"wp_core":1,"home_url":"https:\/\/victor.muhoko.org","file_type":"wp-core","root_flag":"root","file":"victor.muhoko.org_wpvivid-600e6ebe7580f_2021-01-25-07-09_backup_core.zip","php_version":"7.3.26","mysql_version":"5.6.41"},"victor.muhoko.org_wpvivid-600e6ebe7580f_2021-01-25-07-09_backup_uploads.zip":{"file_type":"upload","root_flag":"wp-content","file":"victor.muhoko.org_wpvivid-600e6ebe7580f_2021-01-25-07-09_backup_uploads.zip","php_version":"7.3.26","mysql_version":"5.6.41"},"victor.muhoko.org_wpvivid-600e6ebe7580f_2021-01-25-07-09_backup_themes.zip":{"file_type":"themes","themes":{"astra":{"slug":"astra","size":5352524},"jetblack":{"slug":"jetblack","size":5035456},"sinatra":{"slug":"sinatra","size":3930181},"twentynineteen":{"slug":"twentynineteen","size":1096994},"twentyseventeen":{"slug":"twentyseventeen","size":1216984},"twentytwenty":{"slug":"twentytwenty","size":1656279},"twentytwentyone":{"slug":"twentytwentyone","size":3585343}},"root_flag":"wp-content","file":"victor.muhoko.org_wpvivid-600e6ebe7580f_2021-01-25-07-09_backup_themes.zip","php_version":"7.3.26","mysql_version":"5.6.41"},"victor.muhoko.org_wpvivid-600e6ebe7580f_2021-01-25-07-09_backup_db.zip":{"dump_db":1,"home_url":"https:\/\/victor.muhoko.org","file_type":"databases","root_flag":"custom","file":"victor.muhoko.org_wpvivid-600e6ebe7580f_2021-01-25-07-09_backup_db.zip","php_version":"7.3.26","mysql_version":"5.6.41"},"victor.muhoko.org_wpvivid-600e6ebe7580f_2021-01-25-07-09_backup_content.zip":{"file_type":"wp-content","root_flag":"root","file":"victor.muhoko.org_wpvivid-600e6ebe7580f_2021-01-25-07-09_backup_content.zip","php_version":"7.3.26","mysql_version":"5.6.41"}},"root_flag":"custom","file":"victor.muhoko.org_wpvivid-600e6ebe7580f_2021-01-25-07-09_backup_all.zip","php_version":"7.3.26","mysql_version":"5.6.41"}